aesthetic,ai,anthropocene,application,art,artificial,attribute,awareness,belief,bionic,body,capability,capacity,capitalocene,change,characteristic,cognitive,cognizance,communicating,communication,consciousness,content,creation,creative,cybernetics,cyborg,development,device,dimension,doctrine,dystopia,ego,empathy,engineering,enhancement,entropy,ethic,ethical,ethics,evolution,fiction,future,futurity,genetic,hereafter,homo,human,hyperreal,improvement,individual,informatics,information,ip,justice,machine,man,media,mental,message,moral,narrative,philosophy,posthuman,posthumanism,principle,property,prosthetic,representation,responsible,rights,robotics,self,sense,soul,subject,substance,sympathy,technology,time,transhuman,value
conceptual,simulation,novel,accumulation,practice,intelligence,connect,expression,manner,woman,machine,hardware,desire,henri,function,dynamic,environmental,attainment,unreal,interaction,evolution,core,materiality,distributed,informatics,singularity,discourse,component,domain,prc,meanwhile,anthropocentric,therapy,law,creativity,materialist,establishment,knowledge,law,ontology,ection,posthuman,strengthening,medical,gabriel,sapiens,machine,paranorman,intimacy,control,southeast,ethical,mounted,institutional,animal,woman,technogenesis,bodily,plot,ethical,genre,ethics,future,transhumanism,category,milieu,positive,construction,accounted,likeness,anthropology,embodied,situation,alien,consciousness,singular,cochlea,computer,moment,metaphysical,status
intellectual,technique,singularity,establishment,aesthetics,ambient,add,construction,threat,jaime,animal,promises,potential,plantationocene,play,dimensions,engineering,considering,competing,legal,activity,scope,diversity,intellectual,academy,mind,modernity,sign,exploration,directional,resonant,judgment,infant,ethics,dignity,commodity,intensification,moral,philosophy,logic,fictional,era,diversification,interventions,andrew,flowers,biological,elimination,removal,appearance,usages,education,nanotechnological,techno,body,god,emerging,behaviour,trend,personal,utopian,anthropology,nthropologists,humanism,plot,individuation,user,essence,reasons,cloning,bioethics,autonomous,form,patient,activity,generality,join,engineering,beginning,platonic,structure
construction,criticism,problem,assessment,posthumanism,cognition,enhance,quality,signification,mother,brain,apparatus,ability,lady,exist,emergent,computer,consideration,gaps,environmental,subjectivity,inspiration,formation,mooc,theology,transhumanism,evolution,illusion,crisis,georg,blu,pride,identification,cognitive,responsibility,gesture,adaptation,governance,politics,consciousness,technology,condition,dualistically,legal,barbara,crack,embodied,temporality,manipulation,self,documentary,knowledge,hydrosphere,management,organism,humanism,global,existing,mechanism,epistemic,third,law,memory,analysis,hybridity,assemblage,vital,conception,purposes,affairs,law,individual,way,implant,subjectivity,absence,loving,education,present,cultured,meaning
formation,posthumanity,posthumanism,acceptance,philosophical,organic,attend,determining,interpretation,dollar,organism,distinctive,choices,fairy,affect,metaphysical,cognition,lies,dimock,relations,vision,standpoint,continuation,aesthetic,economics,metaphor,ontology,instrument,feature,neoliberalism,player,decisive,avatars,education,communication,amend,gesture,political,religion,vision,staple,truthfulness,totality,methods,daniel,misogyny,mind,casting,pursuit,prosthetic,lifeworld,policy,mineral,linguistic,mind,bionic,ict,normal,interpretation,technological,myth,religion,computational,genre,observation,mas,singular,quality,required,nonhuman,religion,agency,role,dna,system,determining,designers,transhumanism,token,natality,ontological
evolutionary,praxis,question,deployment,literature,embodied,replace,loss,direction,episode,mind,communicative,abilities,paralympics,support,quality,education,properties,communal,emerging,subject,margins,success,wider,circulation,uncanny,importance,mask,promise,cartesianism,recurrent,natality,guilt,cognition,interaction,embracing,persistence,technological,engineering,subjectivity,popular,account,scenic,institutions,george,feet,natural,framing,acceptability,biological,geosphere,learning,ericsinger,exploration,brain,whole,mass,capacities,disruption,knowledge,progress,feminist,biotechnology,discussion,oneself,metaphysical,determining,subjectivity,vital,intelligence,medicine,biological,kind,creature,humanist,complete,opinions,policy,end,proper,influence
artistic,capitalism,second,examination,writing,enhanced,assert,description,danger,original,existence,revision,vulnerability,novelist,language,ongoing,societal,assumption,friendships,cognition,universal,anxieties,emergence,constructedness,seminar,tradition,field,prosthesis,constitution,globalisation,ex,sensuality,skill,religion,affect,poetic,elaboration,epistemic,anthropology,perception,literature,flesh,essentialist,religious,und,married,posthuman,cycle,tempo,mental,forum,moral,executive,integrity,agency,himself,sciences,realities,investigation,embodied,latter,studies,geological,ideology,objection,institution,force,perception,criterion,activity,psychology,personal,possibility,ship,vision,overall,customers,information,past,statistical,limits
extension,birth,idea,adaptation,ethics,autonomous,maintain,impossibility,constitution,until,person,datas,respect,barteet,humanity,hybrid,policy,descriptions,projected,design,transformation,origin,pursuit,proper,handbook,metaphysics,practice,creature,strand,maternal,pavel,symptom,training,medicine,behavior,capturing,expansion,technical,education,development,speculative,biotechnology,reengineering,technical,luc,strides,humans,centrality,implementation,physical,cyberpower,medical,recordist,evaluation,condition,image,environmental,abilities,institution,genetic,tradition,politics,sacred,project,intention,destruction,normal,expression,demand,consciousness,feminist,relational,meaning,ultimate,notion,functioning,staying,cognitive,place,embracing,behaviour
perception,nitrogen,reader,milieu,law,mechanical,define,inherent,realization,daughter,object,eventual,opportunity,fierce,provide,materiality,design,intimacy,neurochemistry,ict,condition,ease,proliferation,recognition,arts,heidegger,perception,plot,realization,schooling,colorblind,enemy,supplements,policy,genetic,supports,packaging,personal,medicine,modernity,wction,humanity,dualistic,values,philip,leverage,self,remaining,humanness,status,iros,genetic,currents,centric,hybrid,figure,humanities,evolving,piece,practical,key,robotics,era,tradition,message,virtue,negative,aspect,motivation,evolution,biology,material,process,skin,transformation,inevitability,defeat,ethics,day,wholeness,importance
epistemological,technocultural,humanism,technoscience,transhumanism,informational,gain,ongoing,destruction,cured,character,attachment,existence,margulis,occur,sacred,ethics,breaks,animators,medical,animal,unjustified,combination,primary,print,utopian,significance,ideal,trajectory,parallax,invisibility,alterity,ethnic,biology,engineering,careful,ungrounded,embodiment,epistemology,transformation,fictionality,singularity,binary,artefacts,ronald,troop,body,ie,inspiration,meaning,commercialization,design,milburn,accumulation,person,machine,approaches,dynamic,bnw,technical,assumption,literature,recapitulation,myth,plurality,articulation,prosthesis,structure,granted,dictated,epistemology,organic,particular,divine,logic,traumatic,opposing,fiction,trailing,performative,significance
institutional,gothic,latter,stewardship,sexuality,ecology,measure,essence,inherent,jimmy,condition,hopes,actions,victor,embodiment,construction,legal,radicalism,superheroes,developments,spirit,dismissal,apotheosis,acceptability,communications,insult,realm,factor,ethic,pernicious,disorder,summarized,immortality,anthropology,medical,reductive,examination,complexity,robotics,activity,feminism,crisis,viability,communication,francisco,redwood,freedom,viability,diversity,rational,laboratories,cognitive,queen,participation,universal,jaime,biotechnology,limitations,dismissal,political,model,review,embodiment,progress,consideration,pursuit,effective,vision,tool,conceptions,neuroscience,rational,fact,animal,mediates,standard,offspring,biology,once,reminder,rest
